code,api_url,name,start_urls,model,id,is_fixed,page,url_xpath,titles_xpath,dates_xpath,authors_xpath,references_xpath,Related to 정리 (Column)
main,/notice/main,강원대학교,https://www.kangwon.ac.kr/www/selectBbsNttList.do?bbsNo=37,Main,nttNo,"//*[@id=""board""]/table/tbody/tr/td[1]/strong",pageIndex,"//*[@id=""board""]/table/tbody/tr/td[3]/a","//*[@id=""board""]/table/tbody/tr/td[3]/a/text()","//*[@id=""board""]/table/tbody/tr/td[6]/text()","//*[@id=""board""]/table/tbody/tr/td[4]/text()","//*[@id=""board""]/table/tbody/tr/td[2]/text()",
cse,/notice/cse,컴퓨터공학과,https://cse.kangwon.ac.kr/index.php?mt=page&mp=5_1_1,Cse,BID,"//*[@id=""bbsWrap""]/table/tbody/tr/td[1]/img",cpage,"//*[@id=""bbsWrap""]/table/tbody/tr/td[2]/a","//*[@id=""bbsWrap""]/table/tbody/tr/td[2]/a/text()","//*[@id=""bbsWrap""]/table/tbody/tr/td[4]/text()","//*[@id=""bbsWrap""]/table/tbody/tr/td[3]/text()",null,
cba,/notice/cba,경영대학,http://cba.kangwon.ac.kr/bbs/board.php?bo_table=sub06_1,Cba,wr_id,"//*[@id=""fboardlist""]/div/table/tbody/tr/td[1]",page,"//*[@id=""fboardlist""]/div/table/tbody/tr/td[2]/a","//*[@id=""fboardlist""]/div/table/tbody/tr/td[2]/a/text()","//*[@id=""fboardlist""]/div/table/tbody/tr/td[4]/text()","//*[@id=""fboardlist""]/div/table/tbody/tr/td[3]/span/text()",null,https://www.notion.so/7139fb66616a4f0d88870f5e880743af
biz,/notice/biz,경영학과,http://biz.kangwon.ac.kr/bbs/board.php?bo_table=sub06_1,Biz,wr_id,"//*[@id=""contens""]/div/table/tbody/tr/td/form/table/tbody/tr/td[1]/b",page,"//*[@id=""contens""]/div/table/tbody/tr/td/form/table/tbody/tr/td[2]/nobr/a","//*[@id=""contens""]/div/table/tbody/tr/td/form/table/tbody/tr/td[2]/nobr/a/span/text()","//*[@id=""contens""]/div/table/tbody/tr/td/form/table/tbody/tr/td[4]/text()","//*[@id=""contens""]/div/table/tbody/tr/td/form/table/tbody/tr/td[3]/text()",null,"https://www.notion.so/link_xpath-1ae9832a8d0c4af7b85d7640efc2e275, https://www.notion.so/1c392ab1886046d89e7308fbaa3db2b8"
account,/notice/account,회계학과,http://account.kangwon.ac.kr/bbs/board.php?bo_table=notice,Account,wr_id,"//*[@id=""fboardlist""]/table/tbody/tr/td[1]",page,"//*[@id=""fboardlist""]/table/tbody/tr/td[2]/a","//*[@id=""fboardlist""]/table/tbody/tr/td[2]/a/text()","//*[@id=""fboardlist""]/table/tbody/tr/td[5]/text()","//*[@id=""fboardlist""]/table/tbody/tr/td[3]/div/text()",null,
economics,/notice/economics,경제학과,http://economics.kangwon.ac.kr/bbs/board.php?bo_table=sub07_1,Economics,wr_id,"//*[@id=""fboardlist""]/div/table/tbody/tr/td[1]/strong",page,"//*[@id=""fboardlist""]/div/table/tbody/tr/td[2]/a","//*[@id=""fboardlist""]/div/table/tbody/tr/td[2]/a/text()","//*[@id=""fboardlist""]/div/table/tbody/tr/td[4]/text()","//*[@id=""fboardlist""]/div/table/tbody/tr/td[3]/span/text()",null,
statistics,/notice/statistics,정보통계학과,http://statistics.kangwon.ac.kr/board/bbs/board.php?bo_table=notice_bbs,Statistics,wr_id,"//*[@id=""conbox""]/table/tbody/tr/td/form/table/tbody/tr/td[1]/b",page,"//*[@id=""conbox""]/table/tbody/tr/td/form/table/tbody/tr/td[2]/nobr/a","//*[@id=""conbox""]/table/tbody/tr/td/form/table/tbody/tr/td[2]/nobr/a/span/text()","//*[@id=""conbox""]/table/tbody/tr/td/form/table/tbody/tr/td[4]/text()","//*[@id=""conbox""]/table/tbody/tr/td/form/table/tbody/tr/td[3]/text()",null,https://www.notion.so/link_xpath-1ae9832a8d0c4af7b85d7640efc2e275
tourism,/notice/tourism,관광경영학과,http://tourism.kangwon.ac.kr/bbs/board.php?bo_table=notice,Tourism,wr_id,"//*[@id=""fboardlist""]/div/table/tbody/tr/td[1]/strong",page,"//*[@id=""fboardlist""]/div/table/tbody/tr/td[2]/a","//*[@id=""fboardlist""]/div/table/tbody/tr/td[2]/a/text()","//*[@id=""fboardlist""]/div/table/tbody/tr/td[4]/text()","//*[@id=""fboardlist""]/div/table/tbody/tr/td[3]/span/text()",null,https://www.notion.so/mm-dd-c6ba753752dd4232a7ec83fc0e8c228c
itb,/notice/itb,국제무역학과,http://itb.kangwon.ac.kr/bbs/board.php?bo_table=notice,Itb,wr_id,"//*[@id=""fboardlist""]/div/table/tbody/tr/td[1]/b",page,"//*[@id=""fboardlist""]/div/table/tbody/tr/td[2]/a","//*[@id=""fboardlist""]/div/table/tbody/tr/td[2]/a/font/text()",null,null,null,
knucals,/notice/knucals,농업생명과학대학,http://knucals.kangwon.ac.kr/contents.do?cid=db2548006ba044b09df5b6b5df7aacd4,Knucals,id,/html/body/div/div[2]/div/div[2]/div/div[2]/div[2]/div[2]/ul/li/span[1]/span/text(),pageIndex,/html/body/div/div[2]/div/div[2]/div/div[2]/div[2]/div[2]/ul/li/span[3]/a,/html/body/div/div[2]/div/div[2]/div/div[2]/div[2]/div[2]/ul/li/span[3]/a/text(),/html/body/div/div[2]/div/div[2]/div/div[2]/div[2]/div[2]/ul/li/span[5]/text(),/html/body/div/div[2]/div/div[2]/div/div[2]/div[2]/div[2]/ul/li/span[4]/text(),null,https://www.notion.so/49f0de45f5f147bdab58e2565523dfa8
cll,/notice/cll,미래농업융합학과,http://cll.kangwon.ac.kr/bbs/board.php?bo_table=sub06_1,Cll,wr_id,"//*[@id=""fboardlist""]/div/table/tbody/tr/td[1]/strong/i",page,"//*[@id=""fboardlist""]/div/table/tbody/tr/td[2]/div/a","//*[@id=""fboardlist""]/div/table/tbody/tr/td[2]/div/a/text()","//*[@id=""fboardlist""]/div/table/tbody/tr/td[5]/text()","//*[@id=""fboardlist""]/div/table/tbody/tr/td[3]/span/text()",null,https://www.notion.so/1c392ab1886046d89e7308fbaa3db2b8
bse,/notice/bse,바이오시스템기계공학과,http://bse.kangwon.ac.kr/bbs/board.php?bo_table=sub06_1,Bse,wr_id,"//*[@id=""fboardlist""]/div/table/tbody/tr/td[1]/strong/i",page,"//*[@id=""fboardlist""]/div/table/tbody/tr/td[2]/div/a","//*[@id=""fboardlist""]/div/table/tbody/tr/td[2]/div/a/text()","//*[@id=""fboardlist""]/div/table/tbody/tr/td[5]/text()","//*[@id=""fboardlist""]/div/table/tbody/tr/td[3]/span/text()",null,
foodtech,/notice/foodtech,식품생명공학과,http://foodtech.kangwon.ac.kr/bbs/board.php?bo_table=sub05_1,Foodtech,wr_id,"//*[@id=""fboardlist""]/div/table/tbody/tr/td[1]/strong",page,"//*[@id=""fboardlist""]/div/table/tbody/tr/td[2]/a","//*[@id=""fboardlist""]/div/table/tbody/tr/td[2]/a/text()","//*[@id=""fboardlist""]/div/table/tbody/tr/td[4]/text()","//*[@id=""fboardlist""]/div/table/tbody/tr/td[3]/span/text()",null,
appliedplant,/notice/appliedplant,식물자원응용과학과,http://appliedplant.kangwon.ac.kr/bbs/board.php?bo_table=sub05_1,Appliedplant,wr_id,"//*[@id=""fboardlist""]/div/table/tbody/tr/td[1]/strong",page,"//*[@id=""fboardlist""]/div/table/tbody/tr/td[2]/a","//*[@id=""fboardlist""]/div/table/tbody/tr/td[2]/a/text()","//*[@id=""fboardlist""]/div/table/tbody/tr/td[4]/text()","//*[@id=""fboardlist""]/div/table/tbody/tr/td[3]/span/text()",null,
applybio,/notice/applybio,응용생물학과,http://applybio.kangwon.ac.kr/bbs/board.php?bo_table=sub05_1,Applybio,wr_id,"//*[@id=""fboardlist""]/div/table/tbody/tr/td[1]/strong",page,"//*[@id=""fboardlist""]/div/table/tbody/tr/td[2]/a","//*[@id=""fboardlist""]/div/table/tbody/tr/td[2]/a/text()","//*[@id=""fboardlist""]/div/table/tbody/tr/td[4]/text()","//*[@id=""fboardlist""]/div/table/tbody/tr/td[3]/span/text()",null,
horti,/notice/horti,원예과학과,http://horti.kangwon.ac.kr/bbs/board.php?bo_table=sub5_1,Horti,wr_id,"//*[@id=""fboardlist""]/div/table/tbody/tr/td[1]/strong",page,"//*[@id=""fboardlist""]/div/table/tbody/tr/td[2]/a","//*[@id=""fboardlist""]/div/table/tbody/tr/td[2]/a/text()","//*[@id=""fboardlist""]/div/table/tbody/tr/td[4]/text()","//*[@id=""fboardlist""]/div/table/tbody/tr/td[3]/span/text()",null,
agecon,/notice/agecon,농업자원경제학과,http://agecon.kangwon.ac.kr/bbs/board.php?bo_table=sub05_1,Agecon,wr_id,"//*[@id=""fboardlist""]/div/table/tbody/tr/td[1]/strong",page,"//*[@id=""fboardlist""]/div/table/tbody/tr/td[2]/a","//*[@id=""fboardlist""]/div/table/tbody/tr/td[2]/a/text()","//*[@id=""fboardlist""]/div/table/tbody/tr/td[4]/text()","//*[@id=""fboardlist""]/div/table/tbody/tr/td[3]/span/text()",null,
aed,/notice/aed,지역건설공학과,http://aed.kangwon.ac.kr/bbs/board.php?bo_table=sub05_1,Aed,wr_id,"//*[@id=""fboardlist""]/div/table/tbody/tr/td[1]/strong",page,"//*[@id=""fboardlist""]/div/table/tbody/tr/td[2]/a","//*[@id=""fboardlist""]/div/table/tbody/tr/td[2]/a/text()","//*[@id=""fboardlist""]/div/table/tbody/tr/td[4]/text()","//*[@id=""fboardlist""]/div/table/tbody/tr/td[3]/span/text()",null,
dbe,/notice/dbe,바이오자원환경학과,https://dbe.kangwon.ac.kr/dbe/bbs_list.php?bbs_data=c3RhcnRQYWdlPTAmY29kZT1zdWIwN2EmdGFibGU9Y3NfYmJzX2RhdGEmc2VhcmNoX2l0ZW09JnNlYXJjaF9vcmRlcj0mdXJsPXN1YjA3YSZrZXl2YWx1ZT1zdWIwNw,Dbe,bbs_data,/html/body/div[4]/div/div[2]/div[3]/div[1]/table/tbody/tr/td[1]/img,null,/html/body/div[4]/div/div[2]/div[3]/div[1]/table/tbody/tr/td[2]/a,/html/body/div[4]/div/div[2]/div[3]/div[1]/table/tbody/tr/td[2]/a/text(),/html/body/div[4]/div/div[2]/div[3]/div[1]/table/tbody/tr/td[4]/text(),/html/body/div[4]/div/div[2]/div[3]/div[1]/table/tbody/tr/td[3]/text(),null,https://www.notion.so/id-17deeaec513141969a9934366e4a95e8
ecoenv,/notice/ecoenv,에코환경과학과,https://ecoenv.kangwon.ac.kr/ecoenv/bbs_list.php?bbs_data=c3RhcnRQYWdlPTAmY29kZT1zdWIwN2EmdGFibGU9Y3NfYmJzX2RhdGEmc2VhcmNoX2l0ZW09JnNlYXJjaF9vcmRlcj0mdXJsPXN1YjA3YSZrZXl2YWx1ZT1zdWIwNw,Ecoenv,bbs_data,/html/body/div[4]/div/div[2]/div[3]/div[1]/table/tbody/tr/td[1]/img,null,/html/body/div[4]/div/div[2]/div[3]/div[1]/table/tbody/tr/td[2]/a,/html/body/div[4]/div/div[2]/div[3]/div[1]/table/tbody/tr/td[2]/a/text(),/html/body/div[4]/div/div[2]/div[3]/div[1]/table/tbody/tr/td[4]/text(),/html/body/div[4]/div/div[2]/div[3]/div[1]/table/tbody/tr/td[3]/text(),null,https://www.notion.so/id-17deeaec513141969a9934366e4a95e8
cals,/notice/cals,동물생명과학대학,http://cals.kangwon.ac.kr/bbs/board.php?bo_table=sub05_1,Cals,wr_id,"//*[@id=""fboardlist""]/div/table/tbody/tr/td[1]/strong/i",page,"//*[@id=""fboardlist""]/div/table/tbody/tr/td[2]/div/a","//*[@id=""fboardlist""]/div/table/tbody/tr/td[2]/div/a/text()","//*[@id=""fboardlist""]/div/table/tbody/tr/td[5]/text()","//*[@id=""fboardlist""]/div/table/tbody/tr/td[3]/span/text()",null,https://www.notion.so/1c392ab1886046d89e7308fbaa3db2b8
animal,/notice/animal,동물산업융합학과,http://animal.kangwon.ac.kr/bbs/board.php?bo_table=sub05_1,Animal,wr_id,"//*[@id=""fboardlist""]/div/table/tbody/tr/td[1]/strong/i",page,"//*[@id=""fboardlist""]/div/table/tbody/tr/td[2]/div/a","//*[@id=""fboardlist""]/div/table/tbody/tr/td[2]/div/a/text()","//*[@id=""fboardlist""]/div/table/tbody/tr/td[5]/text()","//*[@id=""fboardlist""]/div/table/tbody/tr/td[3]/span/text()",null,https://www.notion.so/1c392ab1886046d89e7308fbaa3db2b8
applanimalsci,/notice/applanimalsci,동물응용과학과,http://applanimalsci.kangwon.ac.kr/bbs/board.php?bo_table=sub05_1,Applanimalsci,wr_id,"//*[@id=""fboardlist""]/div/table/tbody/tr/td[1]/strong/i",page,"//*[@id=""fboardlist""]/div/table/tbody/tr/td[2]/div/a","//*[@id=""fboardlist""]/div/table/tbody/tr/td[2]/div/a/text()","//*[@id=""fboardlist""]/div/table/tbody/tr/td[5]/text()","//*[@id=""fboardlist""]/div/table/tbody/tr/td[3]/span/text()",null,
aniscience,/notice/aniscience,동물자원과학과,http://aniscience.kangwon.ac.kr/bbs/board.php?bo_table=sub05_1,Aniscience,wr_id,"//*[@id=""fboardlist""]/div/table/tbody/tr/td[1]/strong/i",page,"//*[@id=""fboardlist""]/div/table/tbody/tr/td[2]/div/a","//*[@id=""fboardlist""]/div/table/tbody/tr/td[2]/div/a/text()","//*[@id=""fboardlist""]/div/table/tbody/tr/td[5]/text()","//*[@id=""fboardlist""]/div/table/tbody/tr/td[3]/span/text()",null,
ace,/notice/ace,문화예술·공과대학,http://ace.kangwon.ac.kr/index.php?mp=4_1,Ace,BID,"//*[@id=""bbsWrap""]/table/tbody/tr/td[1]/img",cpage,"//*[@id=""bbsWrap""]/table/tbody/tr/td[2]/a","//*[@id=""bbsWrap""]/table/tbody/tr/td[2]/a/text()","//*[@id=""bbsWrap""]/table/tbody/tr/td[3]/text()",null,null,
architecture,/notice/architecture,건축학과,http://architecture.kangwon.ac.kr/nano/www/board/list.php?bid_=comm_notice,Architecture,idx,/html/body/table/tbody/tr[1]/td/table/tbody/tr/td[2]/div/form/table/tbody/tr/td[1],page,/html/body/table/tbody/tr[1]/td/table/tbody/tr/td[2]/div/form/table/tbody/tr/td[2]/a,/html/body/table/tbody/tr[1]/td/table/tbody/tr/td[2]/div/form/table/tbody/tr/td[2]/a/text(),/html/body/table/tbody/tr[1]/td/table/tbody/tr/td[2]/div/form/table/tbody/tr/td[4]/text(),/html/body/table/tbody/tr[1]/td/table/tbody/tr/td[2]/div/form/table/tbody/tr/td[3]/text(),null,
archi,/notice/archi,건축공학과,http://archi.kangwon.ac.kr/index.php?mt=page&mp=4_1_1,Archi,BID,"//*[@id=""bbsWrap""]/form[1]/table/tbody/tr/td[1]/img",cpage,"//*[@id=""bbsWrap""]/form[1]/table/tbody/tr/td[2]/a","//*[@id=""bbsWrap""]/form[1]/table/tbody/tr/td[2]/a/text()","//*[@id=""bbsWrap""]/form[1]/table/tbody/tr/td[4]/text()","//*[@id=""bbsWrap""]/form[1]/table/tbody/tr/td[3]/text()",null,
civil,/notice/civil,토목공학과,http://civil.kangwon.ac.kr/2014/index.php?mt=page&mp=6_1,Civil,BID,"//*[@id=""bbsWrap""]/form[1]/table/tbody/tr/td[1]",cpage,"//*[@id=""bbsWrap""]/form[1]/table/tbody/tr/td[2]/a","//*[@id=""bbsWrap""]/form[1]/table/tbody/tr/td[2]/a/text()","//*[@id=""bbsWrap""]/form[1]/table/tbody/tr/td[4]/text()","//*[@id=""bbsWrap""]/form[1]/table/tbody/tr/td[3]/text()",null,https://www.notion.so/eb309e9b7cd4444a8ceef631086eebc2
environ,/notice/environ,환경공학과,http://environ.kangwon.ac.kr/environ/bbs_list.php?bbs_data=c3RhcnRQYWdlPTAmY29kZT1zdWIwN2EmdGFibGU9Y3NfYmJzX2RhdGEmc2VhcmNoX2l0ZW09JnNlYXJjaF9vcmRlcj0mdXJsPXN1YjA3YSZrZXl2YWx1ZT1zdWIwNw==||,Environ,bbs_data,/html/body/div[4]/div/div[2]/div[3]/div[1]/table/tbody/tr/td[1]/img,null,/html/body/div[4]/div/div[2]/div[3]/div[1]/table/tbody/tr/td[2]/a,/html/body/div[4]/div/div[2]/div[3]/div[1]/table/tbody/tr/td[2]/a/text(),/html/body/div[4]/div/div[2]/div[3]/div[1]/table/tbody/tr/td[4]/text(),/html/body/div[4]/div/div[2]/div[3]/div[1]/table/tbody/tr/td[3]/text(),null,https://www.notion.so/id-17deeaec513141969a9934366e4a95e8
mechanical,/notice/mechanical,기계의용공학과,http://mechanical.kangwon.ac.kr/index.php?mt=page&mp=5_1,Mechanical,BID,"//*[@id=""bbsWrap""]/form[1]/table/tbody/tr/td[1]/img",cpage,"//*[@id=""bbsWrap""]/form[1]/table/tbody/tr/td[2]/a","//*[@id=""bbsWrap""]/form[1]/table/tbody/tr/td[2]/a/text()","//*[@id=""bbsWrap""]/form[1]/table/tbody/tr/td[4]/text()","//*[@id=""bbsWrap""]/form[1]/table/tbody/tr/td[3]/text()",null,
mecha,/notice/mecha,메카트로닉스공학과,https://mecha.kangwon.ac.kr/mecha/bbs_list.php?bbs_data=c3RhcnRQYWdlPTAmY29kZT1zdWIwN2EmdGFibGU9Y3NfYmJzX2RhdGEmc2VhcmNoX2l0ZW09JnNlYXJjaF9vcmRlcj0mdXJsPXN1YjA3YSZrZXl2YWx1ZT1zdWIwNw==||,Mecha,bbs_data,/html/body/div[4]/div/div[2]/div[3]/div[1]/table/tbody/tr/td[1]/text(),null,/html/body/div[4]/div/div[2]/div[3]/div[1]/table/tbody/tr/td[2]/a,/html/body/div[4]/div/div[2]/div[3]/div[1]/table/tbody/tr/td[2]/a/text(),/html/body/div[4]/div/div[2]/div[3]/div[1]/table/tbody/tr/td[4]/text(),/html/body/div[4]/div/div[2]/div[3]/div[1]/table/tbody/tr/td[3]/text(),null,"https://www.notion.so/eb309e9b7cd4444a8ceef631086eebc2, https://www.notion.so/id-17deeaec513141969a9934366e4a95e8"
material,/notice/material,재료공학과,http://material.kangwon.ac.kr/index.php?mt=page&mp=5_1_1,Material,BID,"//*[@id=""bbsWrap""]/form[1]/table/tbody/tr/td[1]/img",cpage,"//*[@id=""bbsWrap""]/form[1]/table/tbody/tr/td[3]/a","//*[@id=""bbsWrap""]/form[1]/table/tbody/tr/td[3]/a/span/text()","//*[@id=""bbsWrap""]/form[1]/table/tbody/tr/td[5]/text()","//*[@id=""bbsWrap""]/form[1]/table/tbody/tr/td[4]/text()",null,
enre,/notice/enre,에너지자원공학과,https://enre.kangwon.ac.kr/index.php?mt=page&mp=5_1,Enre,BID,"//*[@id=""bbsWrap""]/form[1]/table/tbody/tr/td[1]/img",cpage,"//*[@id=""bbsWrap""]/form[1]/table/tbody/tr/td[2]/a","//*[@id=""bbsWrap""]/form[1]/table/tbody/tr/td[2]/a/text()","//*[@id=""bbsWrap""]/form[1]/table/tbody/tr/td[4]/text()","//*[@id=""bbsWrap""]/form[1]/table/tbody/tr/td[3]/text()",null,
sme,/notice/sme,산업공학과,http://sme.kangwon.ac.kr/index.php?mt=page&mp=5_1,Sme,BID,"//*[@id=""bbsWrap""]/form[1]/table/tbody/tr/td[1]/img",cpage,"//*[@id=""bbsWrap""]/form[1]/table/tbody/tr/td[2]/a","//*[@id=""bbsWrap""]/form[1]/table/tbody/tr/td[2]/a/text()","//*[@id=""bbsWrap""]/form[1]/table/tbody/tr/td[4]/text()","//*[@id=""bbsWrap""]/form[1]/table/tbody/tr/td[3]/text()",null,
chemeng,/notice/chemeng,화학공학과,http://chemeng.kangwon.ac.kr/index.php?mt=page&mp=5_1,Chemeng,BID,"//*[@id=""bbsWrap""]/form[1]/table/tbody/tr/td[1]/img",cpage,"//*[@id=""bbsWrap""]/form[1]/table/tbody/tr/td[2]/a","//*[@id=""bbsWrap""]/form[1]/table/tbody/tr/td[2]/a/text()","//*[@id=""bbsWrap""]/form[1]/table/tbody/tr/td[4]/text()","//*[@id=""bbsWrap""]/form[1]/table/tbody/tr/td[3]/text()",null,
bioeng,/notice/bioeng,생물공학과,http://bioeng.kangwon.ac.kr/index.php?mt=page&mp=6_1_1,Bioeng,BID,"//*[@id=""bbsWrap""]/form[1]/table/tbody/tr/td[1]/img",cpage,"//*[@id=""bbsWrap""]/form[1]/table/tbody/tr/td[2]/a","//*[@id=""bbsWrap""]/form[1]/table/tbody/tr/td[2]/a/text()","//*[@id=""bbsWrap""]/form[1]/table/tbody/tr/td[4]/text()","//*[@id=""bbsWrap""]/form[1]/table/tbody/tr/td[3]/text()",null,
design,/notice/design,디자인학과,https://design.kangwon.ac.kr/design/bbs_list.php?bbs_data=c3RhcnRQYWdlPTAmY29kZT1zdWIwN2EmdGFibGU9Y3NfYmJzX2RhdGEmc2VhcmNoX2l0ZW09JnNlYXJjaF9vcmRlcj0mdXJsPXN1YjA3YSZrZXl2YWx1ZT1zdWIwNw==||,Design,bbs_data,/html/body/div[4]/div/div[2]/div[3]/div[1]/table/tbody/tr/td[1]/img,null,/html/body/div[4]/div/div[2]/div[3]/div[1]/table/tbody/tr/td[2]/a,/html/body/div[4]/div/div[2]/div[3]/div[1]/table/tbody/tr/td[2]/a/text(),/html/body/div[4]/div/div[2]/div[3]/div[1]/table/tbody/tr/td[4]/text(),/html/body/div[4]/div/div[2]/div[3]/div[1]/table/tbody/tr/td[3]/text(),null,https://www.notion.so/id-17deeaec513141969a9934366e4a95e8
kangwonart,/notice/kangwonart,미술학과,http://kangwonart.ac.kr/wp/?page_id=1782,Kangwonart,uid,"//*[@id=""kboard-list""]/div[2]/table/tbody/tr/td[1]/text()",pageid,"//*[@id=""kboard-list""]/div[2]/table/tbody/tr/td[2]/div/a","//*[@id=""kboard-list""]/div[2]/table/tbody/tr/td[2]/div/a/text()","//*[@id=""kboard-list""]/div[2]/table/tbody/tr/td[4]/text()","//*[@id=""kboard-list""]/div[2]/table/tbody/tr/td[3]/text()",null,
sport,/notice/sport,스포츠과학과,http://sport.kangwon.ac.kr/board/bbs/board.php?bo_table=board_1,Sport,wr_id,"//*[@id=""fboardlist""]/div/table/tbody/tr/td[1]/strong",page,"//*[@id=""fboardlist""]/div/table/tbody/tr/td[2]/a","//*[@id=""fboardlist""]/div/table/tbody/tr/td[2]/a/text()","//*[@id=""fboardlist""]/div/table/tbody/tr/td[4]/text()","//*[@id=""fboardlist""]/div/table/tbody/tr/td[3]/span/text()",null,
vculture,/notice/vculture,영상문화학과,https://vculture.kangwon.ac.kr/vculture/bbs_list.php?bbs_data=c3RhcnRQYWdlPTAmY29kZT1zdWIwN2EmdGFibGU9Y3NfYmJzX2RhdGEmc2VhcmNoX2l0ZW09JnNlYXJjaF9vcmRlcj0mdXJsPXN1YjA3YSZrZXl2YWx1ZT1zdWIwNw==||,Vculture,bbs_data,/html/body/div[4]/div/div[2]/div[3]/div[1]/table/tbody/tr/td[1]/img,null,/html/body/div[4]/div/div[2]/div[3]/div[1]/table/tbody/tr/td[2]/a,/html/body/div[4]/div/div[2]/div[3]/div[1]/table/tbody/tr/td[2]/a/text(),/html/body/div[4]/div/div[2]/div[3]/div[1]/table/tbody/tr/td[4]/text(),/html/body/div[4]/div/div[2]/div[3]/div[1]/table/tbody/tr/td[3]/text(),null,https://www.notion.so/id-17deeaec513141969a9934366e4a95e8
educatio,/notice/educatio,사범대학,http://educatio.kangwon.ac.kr/?doc=bbs/board.php&bo_table=gongi,Educatio,wr_id,/html/body/table/tbody/tr/td/table[2]/tbody/tr/td[2]/span/img,page,/html/body/table/tbody/tr/td/table[2]/tbody/tr/td[3]/a,/html/body/table/tbody/tr/td/table[2]/tbody/tr/td[3]/a/span/text(),/html/body/table/tbody/tr/td/table[2]/tbody/tr/td[5]/span/text(),/html/body/table/tbody/tr/td/table[2]/tbody/tr/td[4]/span/span/span/span/text(),null,https://www.notion.so/link_xpath-1ae9832a8d0c4af7b85d7640efc2e275
homecs,/notice/homecs,가정교육과,http://homecs.kangwon.ac.kr/bbs/zboard.php?id=bbs31,Homecs,no,/html/body/div/table[1]/tbody/tr/td[2]/table/tbody/tr/td[3]/table[3]/tbody/tr/td/div/table[2]/tbody/tr/td/table[1]/tbody/tr/td[1]/text(),page,/html/body/div/table[1]/tbody/tr/td[2]/table/tbody/tr/td[3]/table[3]/tbody/tr/td/div/table[2]/tbody/tr/td/table[1]/tbody/tr/td[2]/a,/html/body/div/table[1]/tbody/tr/td[2]/table/tbody/tr/td[3]/table[3]/tbody/tr/td/div/table[2]/tbody/tr/td/table[1]/tbody/tr/td[2]/a/text(),/html/body/div/table[1]/tbody/tr/td[2]/table/tbody/tr/td[3]/table[3]/tbody/tr/td/div/table[2]/tbody/tr/td/table[1]/tbody/tr/td[4]/span/text(),/html/body/div/table[1]/tbody/tr/td[2]/table/tbody/tr/td[3]/table[3]/tbody/tr/td/div/table[2]/tbody/tr/td/table[1]/tbody/tr/td[3]/nobr/b/span/text(),null,https://www.notion.so/link_xpath-1ae9832a8d0c4af7b85d7640efc2e275
sciedu,/notice/sciedu,과학교육학과,http://sciedu.kangwon.ac.kr/new/bbs/board.php?bo_table=notice,Sciedu,wr_id,/html/body/table/tbody/tr/td/form/table/tbody/tr/td[1]/img,page,/html/body/table/tbody/tr/td/form/table/tbody/tr/td[2]/nobr/a,/html/body/table/tbody/tr/td/form/table/tbody/tr/td[2]/nobr/a/span/text(),/html/body/table/tbody/tr/td/form/table/tbody/tr/td[4]/text(),/html/body/table/tbody/tr/td/form/table/tbody/tr/td[3]/span/text(),null,https://www.notion.so/link_xpath-1ae9832a8d0c4af7b85d7640efc2e275
edu,/notice/edu,교육학과,http://edu.kangwon.ac.kr/new/bbs/board.php?bo_table=sub04_02,Edu,wr_id,/html/body/table/tbody/tr/td/form/table/tbody/tr/td[1]/img,page,/html/body/table/tbody/tr/td/form/table/tbody/tr/td[3]/nobr/a,/html/body/table/tbody/tr/td/form/table/tbody/tr/td[3]/nobr/a/span/text(),/html/body/table/tbody/tr/td/form/table/tbody/tr/td[5]/text(),/html/body/table/tbody/tr/td/form/table/tbody/tr/td[4]/span/text(),null,https://www.notion.so/link_xpath-1ae9832a8d0c4af7b85d7640efc2e275
koredu,/notice/koredu,국어교육과,http://koredu.kangwon.ac.kr/sub05_01.php,Koredu,null,/html/body/table/tbody/tr[1]/td[1]/strong/font,null,/html/body/table/tbody/tr[1]/td[3]/a[2],/html/body/table/tbody/tr[1]/td[3]/a[2]/text(),/html/body/table/tbody/tr[1]/td[7]/text(),/html/body/table/tbody/tr[1]/td[5]/b/a/text(),null,"https://www.notion.so/49f0de45f5f147bdab58e2565523dfa8, https://www.notion.so/link_xpath-1ae9832a8d0c4af7b85d7640efc2e275"
mathedu,/notice/mathedu,수학교육과,http://mathedu.kangwon.ac.kr/main.php?mt=page&mp=3_1,Mathedu,BID,"//*[@id=""oxbbsList""]/table/tbody/tr/td[1]/img",cpage,"//*[@id=""oxbbsList""]/table/tbody/tr/td[2]/a","//*[@id=""oxbbsList""]/table/tbody/tr/td[2]/a/text()","//*[@id=""oxbbsList""]/table/tbody/tr/td[4]/text()","//*[@id=""oxbbsList""]/table/tbody/tr/td[3]/text()",null,https://www.notion.so/link_xpath-1ae9832a8d0c4af7b85d7640efc2e275
history,/notice/history,역사교육과,http://history.kangwon.ac.kr/index.php?mt=page&mp=5_1,History,BID,"//*[@id=""bbsWrap""]/form[1]/table/tbody/tr/td[1]/img",cpage,"//*[@id=""bbsWrap""]/form[1]/table/tbody/tr/td[2]/a","//*[@id=""bbsWrap""]/form[1]/table/tbody/tr/td[2]/a/text()","//*[@id=""bbsWrap""]/form[1]/table/tbody/tr/td[4]/text()","//*[@id=""bbsWrap""]/form[1]/table/tbody/tr/td[3]/text()",null,
engedu,/notice/engedu,영어교육과,http://engedu.kangwon.ac.kr/twb_bbs/bbs_list.php?groupid=1&bcd=01_06_04_00_00,Engedu,bn,"//*[@id=""user_board_list""]/table/tbody/tr/td[1]/span",pg,"//*[@id=""user_board_list""]/table/tbody/tr/td[2]/a","//*[@id=""user_board_list""]/table/tbody/tr/td[2]/a/text()","//*[@id=""user_board_list""]/table/tbody/tr/td[5]/text()","//*[@id=""user_board_list""]/table/tbody/tr/td[3]/text()",null,https://www.notion.so/link_xpath-1ae9832a8d0c4af7b85d7640efc2e275
ethicsedu,/notice/ethicsedu,윤리교육과,http://ethicsedu.kangwon.ac.kr/new/bbs/board.php?bo_table=sub04_02,Ethicsedu,wr_id,/html/body/table/tbody/tr/td/form/table/tbody/tr/td[1]/img,page,/html/body/table/tbody/tr/td/form/table/tbody/tr/td[3]/nobr/a,/html/body/table/tbody/tr/td/form/table/tbody/tr/td[3]/nobr/a/span/text(),/html/body/table/tbody/tr/td/form/table/tbody/tr/td[5]/text(),/html/body/table/tbody/tr/td/form/table/tbody/tr/td[4]/span/text(),null,https://www.notion.so/link_xpath-1ae9832a8d0c4af7b85d7640efc2e275
ssedu,/notice/ssedu,일반사회교육과,http://ssedu.kangwon.ac.kr/new/bbs/board.php?bo_table=sub02_01,Ssedu,wr_id,/html/body/table/tbody/tr/td/form/table/tbody/tr/td[1]/img,page,/html/body/table/tbody/tr/td/form/table/tbody/tr/td[2]/nobr/a,/html/body/table/tbody/tr/td/form/table/tbody/tr/td[2]/nobr/a/span/text(),/html/body/table/tbody/tr/td/form/table/tbody/tr/td[4]/text(),/html/body/table/tbody/tr/td/form/table/tbody/tr/td[3]/span/text(),null,https://www.notion.so/link_xpath-1ae9832a8d0c4af7b85d7640efc2e275
geoedu,/notice/geoedu,지리교육과,http://geoedu.kangwon.ac.kr/department/notice.php?boardID=notice&b_id=&mode=,Geoedu,b_id,"//*[@id=""wrapper""]/div[5]/div/table/tbody/tr/td[3]/form/div/table/tbody/tr/td[1]/i",npage,"//*[@id=""wrapper""]/div[5]/div/table/tbody/tr/td[3]/form/div/table/tbody/tr/td[2]/a","//*[@id=""wrapper""]/div[5]/div/table/tbody/tr/td[3]/form/div/table/tbody/tr/td[2]/a/text()","//*[@id=""wrapper""]/div[5]/div/table/tbody/tr/td[3]/form/div/table/tbody/tr/td[3]/text()",null,null,https://www.notion.so/link_xpath-1ae9832a8d0c4af7b85d7640efc2e275
phyedu,/notice/phyedu,체육교육과,http://phyedu.kangwon.ac.kr/board/bbs/board.php?bo_table=board_1,Phyedu,wr_id,"//*[@id=""fboardlist""]/div/table/tbody/tr/td[1]/strong",page,"//*[@id=""fboardlist""]/div/table/tbody/tr/td[2]/a","//*[@id=""fboardlist""]/div/table/tbody/tr/td[2]/a/text()","//*[@id=""fboardlist""]/div/table/tbody/tr/td[4]/text()","//*[@id=""fboardlist""]/div/table/tbody/tr/td[3]/span/text()",null,https://www.notion.so/link_xpath-1ae9832a8d0c4af7b85d7640efc2e275
ccedu,/notice/ccedu,한문교육과,http://ccedu.kangwon.ac.kr/new/bbs/board.php?bo_table=gongji,Ccedu,wr_id,/html/body/table/tbody/tr/td/form/table/tbody/tr/td[1]/img,page,/html/body/table/tbody/tr/td/form/table/tbody/tr/td[2]/nobr/a,/html/body/table/tbody/tr/td/form/table/tbody/tr/td[2]/nobr/a/span/text(),/html/body/table/tbody/tr/td/form/table/tbody/tr/td[4]/text(),/html/body/table/tbody/tr/td/form/table/tbody/tr/td[3]/span/text(),null,https://www.notion.so/link_xpath-1ae9832a8d0c4af7b85d7640efc2e275
social,/notice/social,사회과학대학,http://social.kangwon.ac.kr/bbs/board.php?bo_table=sub06_1,Social,wr_id,"//*[@id=""fboardlist""]/div/table/tbody/tr/td[1]/strong",page,"//*[@id=""fboardlist""]/div/table/tbody/tr/td[2]/div/a","//*[@id=""fboardlist""]/div/table/tbody/tr/td[2]/div/a/text()","//*[@id=""fboardlist""]/div/table/tbody/tr/td[5]/text()","//*[@id=""fboardlist""]/div/table/tbody/tr/td[3]/span/text()",null,
anthro,/notice/anthro,문화인류학과,http://anthro.kangwon.ac.kr/bbs/zboard.php?id=bbs41,Anthro,no,/html/body/table[4]/tbody/tr/td[2]/table[4]/tbody/tr/td/div/table[3]/tbody/tr/td/table[1]/tbody/tr/td[1]/text(),page,/html/body/table[4]/tbody/tr/td[2]/table[4]/tbody/tr/td/div/table[3]/tbody/tr/td/table[1]/tbody/tr/td[2]/a,/html/body/table[4]/tbody/tr/td[2]/table[4]/tbody/tr/td/div/table[3]/tbody/tr/td/table[1]/tbody/tr/td[2]/a/text(),/html/body/table[4]/tbody/tr/td[2]/table[4]/tbody/tr/td/div/table[3]/tbody/tr/td/table[1]/tbody/tr/td[4]/span/text(),/html/body/table[4]/tbody/tr/td[2]/table[4]/tbody/tr/td/div/table[3]/tbody/tr/td/table[1]/tbody/tr/td[3]/nobr/b/span/text(),null,https://www.notion.so/link_xpath-1ae9832a8d0c4af7b85d7640efc2e275
re1978,/notice/re1978,부동산학과,http://re1978.kangwon.ac.kr/bbs/zboard.php?id=bbs41,Re1978,no,/html/body/table[1]/tbody/tr/td[2]/table/tbody/tr[2]/td/table/tbody/tr/td[2]/table/tbody/tr[2]/td/table[2]/tbody/tr/td/div/table[3]/tbody/tr/td/table[1]/tbody/tr/td[1]/text(),page,/html/body/table[1]/tbody/tr/td[2]/table/tbody/tr[2]/td/table/tbody/tr/td[2]/table/tbody/tr[2]/td/table[2]/tbody/tr/td/div/table[3]/tbody/tr/td/table[1]/tbody/tr/td[2]/a,/html/body/table[1]/tbody/tr/td[2]/table/tbody/tr[2]/td/table/tbody/tr/td[2]/table/tbody/tr[2]/td/table[2]/tbody/tr/td/div/table[3]/tbody/tr/td/table[1]/tbody/tr/td[2]/a/text(),/html/body/table[1]/tbody/tr/td[2]/table/tbody/tr[2]/td/table/tbody/tr/td[2]/table/tbody/tr[2]/td/table[2]/tbody/tr/td/div/table[3]/tbody/tr/td/table[1]/tbody/tr/td[4]/span/text(),/html/body/table[1]/tbody/tr/td[2]/table/tbody/tr[2]/td/table/tbody/tr/td[2]/table/tbody/tr[2]/td/table[2]/tbody/tr/td/div/table[3]/tbody/tr/td/table[1]/tbody/tr/td[3]/nobr/b/span/text(),null,
sociology,/notice/sociology,사회학과,http://sociology.kangwon.ac.kr/bbs/zboard.php?id=notice,Sociology,no,/html/body/table[7]/tbody/tr/td/table[1]/tbody/tr/td[2]/table[2]/tbody/tr/td/div/table[3]/tbody/tr/td/table[1]/tbody/tr/td[1]/text(),page,/html/body/table[7]/tbody/tr/td/table[1]/tbody/tr/td[2]/table[2]/tbody/tr/td/div/table[3]/tbody/tr/td/table[1]/tbody/tr/td[2]/a,/html/body/table[7]/tbody/tr/td/table[1]/tbody/tr/td[2]/table[2]/tbody/tr/td/div/table[3]/tbody/tr/td/table[1]/tbody/tr/td[2]/a/text(),/html/body/table[7]/tbody/tr/td/table[1]/tbody/tr/td[2]/table[2]/tbody/tr/td/div/table[3]/tbody/tr/td/table[1]/tbody/tr/td[4]/span/text(),/html/body/table[7]/tbody/tr/td/table[1]/tbody/tr/td[2]/table[2]/tbody/tr/td/div/table[3]/tbody/tr/td/table[1]/tbody/tr/td[3]/nobr/b/span/text(),null,https://www.notion.so/link_xpath-1ae9832a8d0c4af7b85d7640efc2e275
masscom,/notice/masscom,신문방송학과,http://masscom.kangwon.ac.kr/bbs/board.php?bo_table=sub3_1,Masscom,wr_id,"//*[@id=""ctn""]/table/tbody/tr/td/form/table/tbody/tr/td[1]/b",page,"//*[@id=""ctn""]/table/tbody/tr/td/form/table/tbody/tr/td[2]/nobr/a","//*[@id=""ctn""]/table/tbody/tr/td/form/table/tbody/tr/td[2]/nobr/a/span/text()","//*[@id=""ctn""]/table/tbody/tr/td/form/table/tbody/tr/td[4]/text()","//*[@id=""ctn""]/table/tbody/tr/td/form/table/tbody/tr/td[3]/span/text()",null,https://www.notion.so/link_xpath-1ae9832a8d0c4af7b85d7640efc2e275
politics,/notice/politics,정치외교학과,http://politics.kangwon.ac.kr/bbs/board.php?bo_table=sub9_3,Politics,wr_id,"//*[@id=""ctn""]/form/table/tbody/tr/td[1]/strong",page,"//*[@id=""ctn""]/form/table/tbody/tr/td[2]/a","//*[@id=""ctn""]/form/table/tbody/tr/td[2]/a/text()","//*[@id=""ctn""]/form/table/tbody/tr/td[4]/text()","//*[@id=""ctn""]/form/table/tbody/tr/td[3]/span/text()",null,
padm,/notice/padm,행정학과,http://padm.kangwon.ac.kr/bbs/board.php?bo_table=sub3_2,Padm,wr_id,"//*[@id=""fboardlist""]/div[1]/ul/li/div[1]/span",page,"//*[@id=""fboardlist""]/div[1]/ul/li/div[2]/a","//*[@id=""fboardlist""]/div[1]/ul/li/div[2]/a/text()","//*[@id=""fboardlist""]/div[1]/ul/li/div[4]/text()","//*[@id=""fboardlist""]/div[1]/ul/li/div[3]/span/text()",null,
psych,/notice/psych,심리학과,http://psych.kangwon.ac.kr/gnuboard4/bbs/board.php?bo_table=bbs41,Psych,wr_id,/html/body/table[2]/tbody/tr[3]/td/table/tbody/tr/td[2]/table[2]/tbody/tr/td/table/tbody/tr/td/form/table/tbody/tr/td[1]/b,page,/html/body/table[2]/tbody/tr[3]/td/table/tbody/tr/td[2]/table[2]/tbody/tr/td/table/tbody/tr/td/form/table/tbody/tr/td[2]/nobr/a,/html/body/table[2]/tbody/tr[3]/td/table/tbody/tr/td[2]/table[2]/tbody/tr/td/table/tbody/tr/td/form/table/tbody/tr/td[2]/nobr/a/span/text(),/html/body/table[2]/tbody/tr[3]/td/table/tbody/tr/td[2]/table[2]/tbody/tr/td/table/tbody/tr/td/form/table/tbody/tr/td[4]/text(),/html/body/table[2]/tbody/tr[3]/td/table/tbody/tr/td[2]/table[2]/tbody/tr/td/table/tbody/tr/td/form/table/tbody/tr/td[3]/span/text(),null,
forest,/notice/forest,산림환경과학대학,http://forest.kangwon.ac.kr/bbs/board.php?bo_table=sub06_1,Forest,wr_id,"//*[@id=""fboardlist""]/div/table/tbody/tr/td[1]/strong",page,"//*[@id=""fboardlist""]/div/table/tbody/tr/td[2]/a","//*[@id=""fboardlist""]/div/table/tbody/tr/td[2]/a/text()","//*[@id=""fboardlist""]/div/table/tbody/tr/td[4]/text()","//*[@id=""fboardlist""]/div/table/tbody/tr/td[3]/span/text()",null,
fm,/notice/fm,산림경영학과,http://fm.kangwon.ac.kr/bbs/board.php?bo_table=sub06_1,Fm,wr_id,"//*[@id=""fboardlist""]/div/table/tbody/tr/td[2]",page,"//*[@id=""fboardlist""]/div/table/tbody/tr/td[2]/div/a","//*[@id=""fboardlist""]/div/table/tbody/tr/td[2]/div/a/text()","//*[@id=""fboardlist""]/div/table/tbody/tr/td[5]/text()","//*[@id=""fboardlist""]/div/table/tbody/tr/td[3]/span/text()",null,https://www.notion.so/7139fb66616a4f0d88870f5e880743af
forestry,/notice/forestry,산림자원학과,http://forestry.kangwon.ac.kr/bbs/board.php?bo_table=sub06_1,Forestry,wr_id,"//*[@id=""fboardlist""]/div/table/tbody/tr/td[1]/strong/i",page,"//*[@id=""fboardlist""]/div/table/tbody/tr/td[2]/div/a","//*[@id=""fboardlist""]/div/table/tbody/tr/td[2]/div/a/text()","//*[@id=""fboardlist""]/div/table/tbody/tr/td[5]/text()","//*[@id=""fboardlist""]/div/table/tbody/tr/td[3]/span/text()",null,https://www.notion.so/1c392ab1886046d89e7308fbaa3db2b8
fep,/notice/fep,산림환경보호학과,http://fep.kangwon.ac.kr/bbs/board.php?bo_table=sub05_1,Fep,wr_id,"//*[@id=""contens""]/table/tbody/tr/td/form/table/tbody/tr/td[1]/b",page,"//*[@id=""contens""]/table/tbody/tr/td/form/table/tbody/tr/td[2]/nobr/a","//*[@id=""contens""]/table/tbody/tr/td/form/table/tbody/tr/td[2]/nobr/a/text()","//*[@id=""contens""]/table/tbody/tr/td/form/table/tbody/tr/td[4]/text()","//*[@id=""contens""]/table/tbody/tr/td/form/table/tbody/tr/td[3]/span/text()",null,https://www.notion.so/link_xpath-1ae9832a8d0c4af7b85d7640efc2e275
wood,/notice/wood,산림소재공학과,http://wood.kangwon.ac.kr/bbs/board.php?bo_table=sub07_1,Wood,wr_id,"//*[@id=""fboardlist""]/div/table/tbody/tr/td[1]/strong",page,"//*[@id=""fboardlist""]/div/table/tbody/tr/td[2]/div/a","//*[@id=""fboardlist""]/div/table/tbody/tr/td[2]/div/a/text()","//*[@id=""fboardlist""]/div/table/tbody/tr/td[4]/text()","//*[@id=""fboardlist""]/div/table/tbody/tr/td[3]/span/text()",null,
paper,/notice/paper,제지공학과,http://paper.kangwon.ac.kr/board/bbs/board.php?bo_table=sub03_1,Paper,wr_id,"//*[@id=""contents""]/table/tbody/tr/td/form/table/tbody/tr/td[1]/b",page,"//*[@id=""contents""]/table/tbody/tr/td/form/table/tbody/tr/td[2]/nobr/a","//*[@id=""contents""]/table/tbody/tr/td/form/table/tbody/tr/td[2]/nobr/a/span/text()","//*[@id=""contents""]/table/tbody/tr/td/form/table/tbody/tr/td[4]/text()","//*[@id=""contents""]/table/tbody/tr/td/form/table/tbody/tr/td[3]/span/text()",null,https://www.notion.so/1c392ab1886046d89e7308fbaa3db2b8
lands,/notice/lands,생태조경디자인학과,http://lands.kangwon.ac.kr/bbs/board.php?bo_table=sub03_01,Lands,wr_id,"//*[@id=""fboardlist""]/div[1]/table/tbody/tr/td[1]/strong",page,"//*[@id=""fboardlist""]/div[1]/table/tbody/tr/td[2]/a","//*[@id=""fboardlist""]/div[1]/table/tbody/tr/td[2]/a/text()","//*[@id=""fboardlist""]/div[1]/table/tbody/tr/td[4]/text()","//*[@id=""fboardlist""]/div[1]/table/tbody/tr/td[3]/span/text()",null,
vetmed,/notice/vetmed,수의과대학,http://vetmed.kangwon.ac.kr/bbs/board.php?bo_table=sub07_1,Vetmed,wr_id,"//*[@id=""subcontent""]/div[3]/table/tbody/tr[1]/td/form/table/tbody/tr/td[1]/b",page,"//*[@id=""subcontent""]/div[3]/table/tbody/tr[1]/td/form/table/tbody/tr/td[2]/nobr/a","//*[@id=""subcontent""]/div[3]/table/tbody/tr[1]/td/form/table/tbody/tr/td[2]/nobr/a/text()","//*[@id=""subcontent""]/div[3]/table/tbody/tr[1]/td/form/table/tbody/tr/td[4]/text()","//*[@id=""subcontent""]/div[3]/table/tbody/tr[1]/td/form/table/tbody/tr/td[3]/span/text()",null,https://www.notion.so/1c392ab1886046d89e7308fbaa3db2b8
nurse,/notice/nurse,간호학과,https://nurse.kangwon.ac.kr/nurse/bbs_list.php?bbs_data=c3RhcnRQYWdlPTAmY29kZT1zdWIwN2EmdGFibGU9Y3NfYmJzX2RhdGEmc2VhcmNoX2l0ZW09JnNlYXJjaF9vcmRlcj0mdXJsPXN1YjA3YSZrZXl2YWx1ZT1zdWIwNw==||,Nurse,bbs_data,/html/body/div[4]/div/div[2]/div[3]/div[1]/table/tbody/tr/td[1]/img,null,/html/body/div[4]/div/div[2]/div[3]/div[1]/table/tbody/tr/td[2]/a,/html/body/div[4]/div/div[2]/div[3]/div[1]/table/tbody/tr/td[2]/a/text(),/html/body/div[4]/div/div[2]/div[3]/div[1]/table/tbody/tr/td[4]/text(),/html/body/div[4]/div/div[2]/div[3]/div[1]/table/tbody/tr/td[3]/text(),null,https://www.notion.so/id-17deeaec513141969a9934366e4a95e8
pharmacy,/notice/pharmacy,약학대학,http://pharmacy.kangwon.ac.kr/bbs/board.php?bo_table=sub02_05,Pharmacy,wr_id,"//*[@id=""fboardlist""]/div/table/tbody/tr/td[1]/strong",page,"//*[@id=""fboardlist""]/div/table/tbody/tr/td[2]/div/a","//*[@id=""fboardlist""]/div/table/tbody/tr/td[2]/div/a/text()","//*[@id=""fboardlist""]/div/table/tbody/tr/td[4]/text()","//*[@id=""fboardlist""]/div/table/tbody/tr/td[3]/span/text()",null,
bmcollege,/notice/bmcollege,의생명과학대학,http://bmcollege.kangwon.ac.kr/bbs/board.php?bo_table=sub05_1,Bmcollege,wr_id,"//*[@id=""fboardlist""]/div/table/tbody/tr/td[1]/strong",page,"//*[@id=""fboardlist""]/div/table/tbody/tr/td[2]/a","//*[@id=""fboardlist""]/div/table/tbody/tr/td[2]/a/text()","//*[@id=""fboardlist""]/div/table/tbody/tr/td[4]/text()","//*[@id=""fboardlist""]/div/table/tbody/tr/td[3]/span/text()",null,https://www.notion.so/1c392ab1886046d89e7308fbaa3db2b8
molscien,/notice/molscien,분자생명과학과,http://molscien.kangwon.ac.kr/bbs/board.php?bo_table=sub05_1,Molscien,wr_id,"//*[@id=""fboardlist""]/div/table/tbody/tr/td[1]/strong",page,"//*[@id=""fboardlist""]/div/table/tbody/tr/td[2]/a","//*[@id=""fboardlist""]/div/table/tbody/tr/td[2]/a/text()","//*[@id=""fboardlist""]/div/table/tbody/tr/td[4]/text()","//*[@id=""fboardlist""]/div/table/tbody/tr/td[3]/span/text()",null,
bio_health,/notice/bio-health,생명건강공학과,http://bio-health.kangwon.ac.kr/bbs/board.php?bo_table=sub04_1,Bio_health,wr_id,"//*[@id=""fboardlist""]/div/table/tbody/tr/td[1]/strong",page,"//*[@id=""fboardlist""]/div/table/tbody/tr/td[2]/a","//*[@id=""fboardlist""]/div/table/tbody/tr/td[2]/a/text()","//*[@id=""fboardlist""]/div/table/tbody/tr/td[4]/text()","//*[@id=""fboardlist""]/div/table/tbody/tr/td[3]/span/text()",null,https://www.notion.so/1c392ab1886046d89e7308fbaa3db2b8
bme,/notice/bme,생물의소재공학과,http://bme.kangwon.ac.kr/bbs/board.php?bo_table=sub04_1,Bme,wr_id,"//*[@id=""fboardlist""]/div/table/tbody/tr/td[1]/strong",page,"//*[@id=""fboardlist""]/div/table/tbody/tr/td[2]/a","//*[@id=""fboardlist""]/div/table/tbody/tr/td[2]/a/text()","//*[@id=""fboardlist""]/div/table/tbody/tr/td[4]/text()","//*[@id=""fboardlist""]/div/table/tbody/tr/td[3]/span/text()",null,
si,/notice/si,시스템면역과학과,http://si.kangwon.ac.kr/bbs/board.php?bo_table=sub05_1,Si,wr_id,"//*[@id=""fboardlist""]/div/table/tbody/tr/td[1]/strong",page,"//*[@id=""fboardlist""]/div/table/tbody/tr/td[2]/a","//*[@id=""fboardlist""]/div/table/tbody/tr/td[2]/a/text()","//*[@id=""fboardlist""]/div/table/tbody/tr/td[4]/text()","//*[@id=""fboardlist""]/div/table/tbody/tr/td[3]/span/text()",null,
dmbt,/notice/dmbt,의생명공학과,http://dmbt.kangwon.ac.kr/bbs/board.php?bo_table=sub07_1,Dmbt,wr_id,"//*[@id=""fboardlist""]/div/table/tbody/tr/td[1]",page,"//*[@id=""fboardlist""]/div/table/tbody/tr/td[2]/a","//*[@id=""fboardlist""]/div/table/tbody/tr/td[2]/a/text()","//*[@id=""fboardlist""]/div/table/tbody/tr/td[4]/text()","//*[@id=""fboardlist""]/div/table/tbody/tr/td[3]/span/text()",null,https://www.notion.so/7139fb66616a4f0d88870f5e880743af
it,/notice/it,IT대학,http://it.kangwon.ac.kr/index.php?mt=page&mp=4_1,It,BID,"//*[@id=""bbsWrap""]/table/tbody/tr/td[1]/img",cpage,"//*[@id=""bbsWrap""]/table/tbody/tr/td[2]/a","///*[@id=""bbsWrap""]/table/tbody/tr/td[2]/a/text()","//*[@id=""bbsWrap""]/table/tbody/tr/td[4]/text()","//*[@id=""bbsWrap""]/table/tbody/tr/td[3]/text()",null,
korean,/notice/korean,국어국문학과,http://korean.kangwon.ac.kr/2013/bbs/board.php?bo_table=sub05_01,Korean,wr_id,/html/body/table/tbody/tr[4]/td/table/tbody/tr/td[2]/table/tbody/tr[2]/td/table/tbody/tr/td/form[1]/table/tbody/tr/td[1]/img,page,/html/body/table/tbody/tr[4]/td/table/tbody/tr/td[2]/table/tbody/tr[2]/td/table/tbody/tr/td/form[1]/table/tbody/tr/td[2]/nobr/a,/html/body/table/tbody/tr[4]/td/table/tbody/tr/td[2]/table/tbody/tr[2]/td/table/tbody/tr/td/form[1]/table/tbody/tr/td[2]/nobr/a/text(),/html/body/table/tbody/tr[4]/td/table/tbody/tr/td[2]/table/tbody/tr[2]/td/table/tbody/tr/td/form[1]/table/tbody/tr/td[5]/text(),/html/body/table/tbody/tr[4]/td/table/tbody/tr/td[2]/table/tbody/tr[2]/td/table/tbody/tr/td/form[1]/table/tbody/tr/td[4]/b/span/text(),null,https://www.notion.so/link_xpath-1ae9832a8d0c4af7b85d7640efc2e275
english,/notice/english,영어영문학과,http://english.kangwon.ac.kr/new/board/bbs/board.php?bo_table=info,English,wr_id,"//*[@id=""fboardlist""]/div/table/tbody/tr/td[1]/strong",page,"//*[@id=""fboardlist""]/div/table/tbody/tr/td[2]/a","//*[@id=""fboardlist""]/div/table/tbody/tr/td[2]/a/text()","//*[@id=""fboardlist""]/div/table/tbody/tr/td[4]/text()","//*[@id=""fboardlist""]/div/table/tbody/tr/td[3]/span/text()",null,https://www.notion.so/mm-dd-c6ba753752dd4232a7ec83fc0e8c228c
france,/notice/france,불어불문학과,http://france.kangwon.ac.kr/?doc=bbs/board.php&bo_table=gongi,France,wr_id,/html/body/table/tbody/tr/td/table/tbody/tr[4]/td/table/tbody/tr/td[3]/table/tbody/tr[3]/td/table/tbody/tr/td/table/tbody/tr[2]/td/table[2]/tbody/tr/td[1],page,/html/body/table/tbody/tr/td/table/tbody/tr[4]/td/table/tbody/tr/td[3]/table/tbody/tr[3]/td/table/tbody/tr/td/table/tbody/tr[2]/td/table[2]/tbody/tr/td[3]/a,/html/body/table/tbody/tr/td/table/tbody/tr[4]/td/table/tbody/tr/td[3]/table/tbody/tr[3]/td/table/tbody/tr/td/table/tbody/tr[2]/td/table[2]/tbody/tr/td[3]/a/text(),/html/body/table/tbody/tr/td/table/tbody/tr[4]/td/table/tbody/tr/td[3]/table/tbody/tr[3]/td/table/tbody/tr/td/table/tbody/tr[2]/td/table[2]/tbody/tr/td[7]/font/text(),/html/body/table/tbody/tr/td/table/tbody/tr[4]/td/table/tbody/tr/td[3]/table/tbody/tr[3]/td/table/tbody/tr/td/table/tbody/tr[2]/td/table[2]/tbody/tr/td[5]/text(),null,https://www.notion.so/link_xpath-1ae9832a8d0c4af7b85d7640efc2e275
german,/notice/german,독어독문학과,http://german.kangwon.ac.kr/bbs/board.php?bo_table=notice,German,wr_id,"//*[@id=""fboardlist""]/div/table/tbody/tr/td[1]/strong",page,"//*[@id=""fboardlist""]/div/table/tbody/tr/td[2]/a","//*[@id=""fboardlist""]/div/table/tbody/tr/td[2]/a/text()","//*[@id=""fboardlist""]/div/table/tbody/tr/td[4]/text()","//*[@id=""fboardlist""]/div/table/tbody/tr/td[3]/span/text()",null,https://www.notion.so/mm-dd-c6ba753752dd4232a7ec83fc0e8c228c
chinese,/notice/chinese,중어중문학과,http://chinese.kangwon.ac.kr/bbs/board.php?bo_table=sub5_1,Chinese,wr_id,"//*[@id=""fboardlist""]/table/tbody/tr/td[1]/strong",page,"//*[@id=""fboardlist""]/table/tbody/tr/td[2]/a","//*[@id=""fboardlist""]/table/tbody/tr/td[2]/text()","//*[@id=""fboardlist""]/table/tbody/tr/td[4]/text()","//*[@id=""fboardlist""]/table/tbody/tr/td[3]/span/text()",null,https://www.notion.so/link_xpath-1ae9832a8d0c4af7b85d7640efc2e275
japan,/notice/japan,일본학과,http://www.kw-japan.com/bbs/board.php?bo_table=4_1,Japan,wr_id,"//*[@id=""fboardlist""]/div/table/tbody/tr/td[1]/strong/span",page,"//*[@id=""fboardlist""]/div/table/tbody/tr/td[2]/div/a","//*[@id=""fboardlist""]/div/table/tbody/tr/td[2]/text()","//*[@id=""fboardlist""]/div/table/tbody/tr/td[5]/text()","//*[@id=""fboardlist""]/div/table/tbody/tr/td[3]/span/text()",null,https://www.notion.so/link_xpath-1ae9832a8d0c4af7b85d7640efc2e275
knuhisto,/notice/knuhisto,사학과,http://knuhisto.kangwon.ac.kr/bbs/board.php?bo_table=sub7_1,Knuhisto,wr_id,"//*[@id=""fboardlist""]/div/table/tbody/tr[1]/td[1]/strong",page,"//*[@id=""fboardlist""]/div/table/tbody/tr/td[2]/a","//*[@id=""fboardlist""]/div/table/tbody/tr/td[2]/a/text()","//*[@id=""fboardlist""]/div/table/tbody/tr/td[4]/text()","//*[@id=""fboardlist""]/div/table/tbody/tr/td[3]/span/text()",null,
physics,/notice/physics,물리학과,http://physics.bluechips.co.kr/index.php?mid=sub46,Physics,document_srl,"//*[@id=""board_list""]/table/tbody/tr/td[1]/text()",page,"//*[@id=""board_list""]/table/tbody/tr/td[2]/a","//*[@id=""board_list""]/table/tbody/tr/td[2]/a/text()","//*[@id=""board_list""]/table/tbody/tr/td[4]/text()","//*[@id=""board_list""]/table/tbody/tr/td[3]/a/text()",null,
biology,/notice/biology,생명과학과,https://biology.kangwon.ac.kr/biology/bbs_list.php?bbs_data=c3RhcnRQYWdlPTAmY29kZT1zdWIwN2EmdGFibGU9Y3NfYmJzX2RhdGEmc2VhcmNoX2l0ZW09JnNlYXJjaF9vcmRlcj0mdXJsPXN1YjA3YSZrZXl2YWx1ZT1zdWIwNw==||,Biology,bbs_data,/html/body/div[4]/div/div[2]/div[3]/div[1]/table/tbody/tr/td[1]/img,page,/html/body/div[4]/div/div[2]/div[3]/div[1]/table/tbody/tr/td[2]/a,/html/body/div[4]/div/div[2]/div[3]/div[1]/table/tbody/tr/td[2]/a/text(),/html/body/div[4]/div/div[2]/div[3]/div[1]/table/tbody/tr/td[4]/text(),/html/body/div[4]/div/div[2]/div[3]/div[1]/table/tbody/tr/td[3]/text(),null,https://www.notion.so/id-17deeaec513141969a9934366e4a95e8
math,/notice/math,수학과,http://math.kangwon.ac.kr/xe/index.php?mid=notice,Math,document_srl,"//*[@id=""board_list""]/table/tbody/tr/td[1]/text()",page,"//*[@id=""board_list""]/table/tbody/tr/td[2]/a","//*[@id=""board_list""]/table/tbody/tr/td[2]/a/text()","//*[@id=""board_list""]/table/tbody/tr/td[4]/text()","//*[@id=""board_list""]/table/tbody/tr/td[3]/a/text()",null,
geology,/notice/geology,지질학과,https://geology.kangwon.ac.kr/geology/bbs_list.php?bbs_data=c3RhcnRQYWdlPTAmY29kZT1zdWIwN2EmdGFibGU9Y3NfYmJzX2RhdGEmc2VhcmNoX2l0ZW09JnNlYXJjaF9vcmRlcj0mdXJsPXN1YjA3YSZrZXl2YWx1ZT1zdWIwNw==||,Geology,bbs_data,/html/body/div[4]/div/div[2]/div[3]/div[1]/table/tbody/tr/td[1]/text(),page,/html/body/div[4]/div/div[2]/div[3]/div[1]/table/tbody/tr/td[2]/a,/html/body/div[4]/div/div[2]/div[3]/div[1]/table/tbody/tr/td[2]/a/text(),/html/body/div[4]/div/div[2]/div[3]/div[1]/table/tbody/tr/td[4]/text(),/html/body/div[4]/div/div[2]/div[3]/div[1]/table/tbody/tr/td[3]/text(),null,"https://www.notion.so/eb309e9b7cd4444a8ceef631086eebc2, https://www.notion.so/id-17deeaec513141969a9934366e4a95e8"
geophysics,/notice/geophysics,지구물리학과,https://geophysics.kangwon.ac.kr/geophysics/bbs_list.php?bbs_data=c3RhcnRQYWdlPTAmY29kZT1zdWIwN2EmdGFibGU9Y3NfYmJzX2RhdGEmc2VhcmNoX2l0ZW09JnNlYXJjaF9vcmRlcj0mdXJsPXN1YjA3YSZrZXl2YWx1ZT1zdWIwNw==||,Geophysics,bbs_data,/html/body/div[4]/div/div[2]/div[3]/div[1]/table/tbody/tr/td[1]/img,page,/html/body/div[4]/div/div[2]/div[3]/div[1]/table/tbody/tr/td[2]/a,/html/body/div[4]/div/div[2]/div[3]/div[1]/table/tbody/tr/td[2]/a/text(),/html/body/div[4]/div/div[2]/div[3]/div[1]/table/tbody/tr/td[4]/text(),/html/body/div[4]/div/div[2]/div[3]/div[1]/table/tbody/tr/td[3]/text(),null,https://www.notion.so/id-17deeaec513141969a9934366e4a95e8
biochem,/notice/biochem,생화학과,https://biochem.kangwon.ac.kr/biochem/bbs_list.php?bbs_data=c3RhcnRQYWdlPTAmY29kZT1zdWIwN2EmdGFibGU9Y3NfYmJzX2RhdGEmc2VhcmNoX2l0ZW09JnNlYXJjaF9vcmRlcj0mdXJsPXN1YjA3YSZrZXl2YWx1ZT1zdWIwNw==||,Biochem,bbs_data,/html/body/div[4]/div/div[2]/div[3]/div[1]/table/tbody/tr/td[1]/img,page,/html/body/div[4]/div/div[2]/div[3]/div[1]/table/tbody/tr/td[2]/a,/html/body/div[4]/div/div[2]/div[3]/div[1]/table/tbody/tr/td[2]/a/text(),/html/body/div[4]/div/div[2]/div[3]/div[1]/table/tbody/tr/td[4]/text(),/html/body/div[4]/div/div[2]/div[3]/div[1]/table/tbody/tr/td[3]/text(),null,https://www.notion.so/id-17deeaec513141969a9934366e4a95e8
chemis,/notice/chemis,화학과,http://chemis.kangwon.ac.kr/board/bbs/board.php?bo_table=chemis_table04,Chemis,wr_id,"//*[@id=""conbox""]/table/tbody/tr/td/form/table/tbody/tr/td[1]/b",page,"//*[@id=""conbox""]/table/tbody/tr/td/form/table/tbody/tr/td[2]/nobr/a","//*[@id=""conbox""]/table/tbody/tr/td/form/table/tbody/tr/td[2]/nobr/a/text()","//*[@id=""conbox""]/table/tbody/tr/td/form/table/tbody/tr/td[3]/text()",null,null,https://www.notion.so/link_xpath-1ae9832a8d0c4af7b85d7640efc2e275
eee,/notice/eee,전기전자공학과,https://eee.kangwon.ac.kr/eee/bbs_list.php?bbs_data=c3RhcnRQYWdlPTAmY29kZT1zdWIwN2EmdGFibGU9Y3NfYmJzX2RhdGEmc2VhcmNoX2l0ZW09JnNlYXJjaF9vcmRlcj0mdXJsPXN1YjA3YSZrZXl2YWx1ZT1zdWIwNw==||,Eee,bbs_data,/html/body/div[4]/div/div[2]/div[3]/div[1]/table/tbody/tr/td[1]/img,page,/html/body/div[4]/div/div[2]/div[3]/div[1]/table/tbody/tr/td[2]/a,/html/body/div[4]/div/div[2]/div[3]/div[1]/table/tbody/tr/td[2]/a/text(),/html/body/div[4]/div/div[2]/div[3]/div[1]/table/tbody/tr/td[4]/text(),/html/body/div[4]/div/div[2]/div[3]/div[1]/table/tbody/tr/td[3]/text(),null,https://www.notion.so/id-17deeaec513141969a9934366e4a95e8
ee,/notice/ee,전자공학과,http://ee.kangwon.ac.kr/index.php?mp=5_1,Ee,BID,"//*[@id=""bbsWrap""]/form[1]/table/tbody/tr/td[1]/img",cpage,"//*[@id=""bbsWrap""]/form[1]/table/tbody/tr/td[2]/a","//*[@id=""bbsWrap""]/form[1]/table/tbody/tr/td[2]/a/text()","//*[@id=""bbsWrap""]/form[1]/table/tbody/tr/td[4]/text()","//*[@id=""bbsWrap""]/form[1]/table/tbody/tr/td[3]/text()",null,
multimajor,/notice/multimajor,미래융합가상학과,http://multimajor.kangwon.ac.kr/bbs/board.php?bo_table=notice,Multimajor,wr_id,"//*[@id=""fboardlist""]/div[1]/table/tbody/tr/td[1]/text()",page,"//*[@id=""fboardlist""]/div[1]/table/tbody/tr/td[2]/a","//*[@id=""fboardlist""]/div[1]/table/tbody/tr/td[2]/a/text()","//*[@id=""fboardlist""]/div[1]/table/tbody/tr/td[5]/text()","//*[@id=""fboardlist""]/div[1]/table/tbody/tr/td[4]/span/text()",null,https://www.notion.so/eb309e9b7cd4444a8ceef631086eebc2
liberal,/notice/liberal,춘천자유전공학과,https://liberal.kangwon.ac.kr/liberal/bbs_list.php?bbs_data=c3RhcnRQYWdlPTAmY29kZT1zdWIwN2EmdGFibGU9Y3NfYmJzX2RhdGEmc2VhcmNoX2l0ZW09JnNlYXJjaF9vcmRlcj0mdXJsPXN1YjA3YSZrZXl2YWx1ZT1zdWIwNw==||,Liberal,bbs_data,/html/body/div[4]/div/div[2]/div[3]/div[1]/table/tbody/tr/td[1]/img,page,/html/body/div[4]/div/div[2]/div[3]/div[1]/table/tbody/tr/td[2]/a,/html/body/div[4]/div/div[2]/div[3]/div[1]/table/tbody/tr/td[2]/a/text(),/html/body/div[4]/div/div[2]/div[3]/div[1]/table/tbody/tr/td[4]/text(),/html/body/div[4]/div/div[2]/div[3]/div[1]/table/tbody/tr/td[3]/text(),null,